﻿Mã Quái Vật (ID),Tên Nhận Diện,Nghề Nghiệp,Máu (Base HP),Tấn Công (Base ATK),Phòng Thủ (Base DEF),Chớp Nhoáng (Base SPD),Tỉ Lệ Chí Mạng (Crit Chance),Sát Thương Chí Mạng (Crit Dmg)
Slime,"monster_Slime_name",Warrior,150,10,5,5,0.05,1.50
Goblin,"monster_Goblin_name",Archer,120,15,2,15,0.05,1.50
Orc Warrior,"monster_Orc_Warrior_name",Warrior,400,35,25,12,0.05,1.50
Orc Shaman,"monster_Orc_Shaman_name",Mage,250,50,10,10,0.05,1.50
Troll,"monster_Troll_name",Warrior,800,25,40,8,0.05,1.50
Fire Elemental,"monster_Fire_Elemental_name",Mage,600,80,30,20,0.05,1.50
Golem,"monster_Golem_name",Warrior,1500,40,100,5,0.05,1.50
Dragon Whelp,"monster_Dragon_Whelp_name",Archer,1000,100,50,30,0.05,1.50
Elder Dragon,"monster_Elder_Dragon_name",Mage,3000,200,150,25,0.05,1.50
